,VITIS_LOOP_783_1,seq_loop_status1.csv
grp_Reset_fu_334,VITIS_LOOP_674_1,seq_loop_status2.csv
grp_Reset_fu_334,VITIS_LOOP_677_2,seq_loop_status3.csv
grp_Reset_fu_334.grp_Reset_Pipeline_VITIS_LOOP_685_5_VITIS_LOOP_686_6_VITIS_LOOP_687_7_fu_191,VITIS_LOOP_685_5_VITIS_LOOP_686_6_VITIS_LOOP_687_7,upc_loop_status1.csv
grp_Reset_fu_334.grp_Reset_Pipeline_VITIS_LOOP_697_10_VITIS_LOOP_698_11_VITIS_LOOP_699_12_fu_203,VITIS_LOOP_697_10_VITIS_LOOP_698_11_VITIS_LOOP_699_12,upc_loop_status2.csv
grp_Reset_fu_334.grp_Reset_Pipeline_VITIS_LOOP_724_19_VITIS_LOOP_726_20_fu_239,VITIS_LOOP_724_19_VITIS_LOOP_726_20,upc_loop_status3.csv
grp_Reset_fu_334.grp_Reset_Pipeline_VITIS_LOOP_736_21_VITIS_LOOP_738_22_fu_249,VITIS_LOOP_736_21_VITIS_LOOP_738_22,upc_loop_status4.csv
grp_Reset_fu_334.grp_Reset_Pipeline_VITIS_LOOP_719_18_fu_259,VITIS_LOOP_719_18,upc_loop_status5.csv
grp_dynamic_placement_routing_fu_400,VITIS_LOOP_608_3,seq_loop_status4.csv
grp_dynamic_placement_routing_fu_400,VITIS_LOOP_408_4,seq_loop_status5.csv
grp_dynamic_placement_routing_fu_400,VITIS_LOOP_596_1,seq_loop_status6.csv
grp_dynamic_placement_routing_fu_400.grp_dynamic_placement_routing_Pipeline_VITIS_LOOP_601_2_fu_403,VITIS_LOOP_601_2,seq_loop_status7.csv
grp_dynamic_placement_routing_fu_400.grp_dynamic_placement_routing_Pipeline_VITIS_LOOP_611_4_fu_411,VITIS_LOOP_611_4,seq_loop_status8.csv
grp_dynamic_placement_routing_fu_400.grp_dynamic_placement_routing_Pipeline_VITIS_LOOP_618_5_fu_422,VITIS_LOOP_618_5,seq_loop_status9.csv
grp_dynamic_placement_routing_fu_400.grp_CurOptPotentialPlacement_List_BypassLess_Gen_fu_439,VITIS_LOOP_437_2_VITIS_LOOP_438_3,seq_loop_status10.csv
grp_dynamic_placement_routing_fu_400.grp_CurOptPotentialPlacement_List_BypassLess_Gen_fu_439,VITIS_LOOP_429_1,seq_loop_status11.csv
grp_dynamic_placement_routing_fu_400.grp_CurOptPotentialPlacement_List_BypassLess_Gen_fu_439,VITIS_LOOP_477_6,seq_loop_status12.csv
grp_dynamic_placement_routing_fu_400.grp_CurOptPotentialPlacement_List_BypassLess_Gen_fu_439,VITIS_LOOP_515_11,seq_loop_status13.csv
grp_dynamic_placement_routing_fu_400.grp_CurOptPotentialPlacement_List_BypassLess_Gen_fu_439,VITIS_LOOP_536_13,seq_loop_status14.csv
grp_dynamic_placement_routing_fu_400.grp_CurOptPotentialPlacement_List_BypassLess_Gen_fu_439,VITIS_LOOP_574_15,seq_loop_status15.csv
grp_dynamic_placement_routing_fu_400.grp_CurOptPotentialPlacement_List_BypassLess_Gen_fu_439.grp_CurOptPotentialPlacement_List_BypassLess_Gen_Pipeline_VITIS_LOOP_470_5_fu_522,VITIS_LOOP_470_5,upc_loop_status6.csv
grp_dynamic_placement_routing_fu_400.grp_CurOptPotentialPlacement_List_BypassLess_Gen_fu_439.grp_CurOptPotentialPlacement_List_BypassLess_Gen_Pipeline_VITIS_LOOP_497_8_VITIS_LOOP_498_9_fu_540,VITIS_LOOP_497_8_VITIS_LOOP_498_9,upc_loop_status7.csv
grp_dynamic_placement_routing_fu_400.grp_CurOptPotentialPlacement_List_BypassLess_Gen_fu_439.grp_CurOptPotentialPlacement_List_BypassLess_Gen_Pipeline_VITIS_LOOP_508_10_fu_551,VITIS_LOOP_508_10,upc_loop_status8.csv
grp_dynamic_placement_routing_fu_400.grp_CurOptPotentialPlacement_List_BypassLess_Gen_fu_439.grp_CurOptPotentialPlacement_List_BypassLess_Gen_Pipeline_VITIS_LOOP_562_14_fu_559,VITIS_LOOP_562_14,upc_loop_status9.csv
grp_dynamic_placement_routing_fu_400.grp_dynamic_placement_routing_Pipeline_VITIS_LOOP_377_1_fu_473,VITIS_LOOP_377_1,seq_loop_status16.csv
grp_dynamic_placement_routing_fu_400.grp_dynamic_placement_routing_Pipeline_VITIS_LOOP_398_3_fu_493,VITIS_LOOP_398_3,upc_loop_status10.csv
grp_dynamic_placement_routing_fu_400.grp_RoutingAvailability_CheckPredecessor_and_Placement_fu_507,VITIS_LOOP_319_2,seq_loop_status17.csv
grp_dynamic_placement_routing_fu_400.grp_RoutingAvailability_CheckPredecessor_and_Placement_fu_507,VITIS_LOOP_288_1,seq_loop_status18.csv
grp_dynamic_placement_routing_fu_400.grp_RoutingAvailability_CheckPredecessor_and_Placement_fu_507,VITIS_LOOP_339_3,seq_loop_status19.csv
grp_dynamic_placement_routing_fu_400.grp_RoutingAvailability_CheckPredecessor_and_Placement_fu_507,VITIS_LOOP_314_1,seq_loop_status20.csv
grp_dynamic_placement_routing_fu_400.grp_RoutingAvailability_CheckPredecessor_and_Placement_fu_507.grp_RoutingAvailability_CheckPredecessor_and_Placement_Pipeline_VITIS_LOOP_14_1_fu_587,VITIS_LOOP_14_1,seq_loop_status21.csv
grp_dynamic_placement_routing_fu_400.grp_RoutingAvailability_CheckPredecessor_and_Placement_fu_507.grp_RoutingAvailability_CheckPredecessor_and_Placement_Pipeline_VITIS_LOOP_32_1_fu_596,VITIS_LOOP_32_1,seq_loop_status22.csv
grp_dynamic_placement_routing_fu_400.grp_RoutingAvailability_CheckPredecessor_and_Placement_fu_507.grp_RoutingAvailability_CheckPredecessor_and_Placement_Pipeline_VITIS_LOOP_39_2_fu_606,VITIS_LOOP_39_2,seq_loop_status23.csv
grp_dynamic_placement_routing_fu_400.grp_RoutingAvailability_CheckPredecessor_and_Placement_fu_507.grp_BypassOptPlacement_Gen_Record_fu_615.grp_BypassOptPlacement_Gen_Record_Pipeline_VITIS_LOOP_188_1_fu_365,VITIS_LOOP_188_1,seq_loop_status24.csv
grp_dynamic_placement_routing_fu_400.grp_RoutingAvailability_CheckPredecessor_and_Placement_fu_507.grp_BypassOptPlacement_Gen_Record_fu_615.grp_BypassOptPlacement_Gen_Record_Pipeline_VITIS_LOOP_199_2_VITIS_LOOP_233_3_fu_373,VITIS_LOOP_199_2_VITIS_LOOP_233_3,seq_loop_status25.csv
grp_dynamic_placement_routing_fu_400.grp_RoutingAvailability_CheckPredecessor_and_Placement_fu_507.grp_BypassOptPlacement_Gen_Record_fu_615.grp_BypassOptPlacement_Gen_Record_Pipeline_VITIS_LOOP_255_5_fu_420,VITIS_LOOP_255_5,upc_loop_status11.csv
grp_dynamic_placement_routing_fu_400.grp_RoutingAvailability_CheckPredecessor_and_Placement_fu_507.grp_Dependency_Update_BypassMode_SrcTgt_fu_667.grp_Dependency_Update_BypassMode_SrcTgt_Pipeline_VITIS_LOOP_53_1_fu_168,VITIS_LOOP_53_1,seq_loop_status26.csv
grp_dynamic_placement_routing_fu_400.grp_RoutingAvailability_CheckPredecessor_and_Placement_fu_507.grp_Dependency_Update_BypassMode_SrcTgt_fu_667.grp_Dependency_Update_BypassMode_SrcTgt_Pipeline_VITIS_LOOP_61_2_fu_176,VITIS_LOOP_61_2,seq_loop_status27.csv
grp_dynamic_placement_routing_fu_400.grp_RoutingAvailability_CheckPredecessor_and_Placement_fu_507.grp_Dependency_Update_BypassMode_SrcTgt_fu_667.grp_Dependency_Update_BypassMode_SrcTgt_Pipeline_VITIS_LOOP_69_3_fu_185,VITIS_LOOP_69_3,seq_loop_status28.csv
grp_dynamic_placement_routing_fu_400.grp_RoutingAvailability_CheckPredecessor_and_Placement_fu_507.grp_Dependency_Update_BypassMode_SrcTgt_fu_667.grp_Dependency_Update_BypassMode_SrcTgt_Pipeline_VITIS_LOOP_75_4_fu_193,VITIS_LOOP_75_4,seq_loop_status29.csv
grp_dynamic_placement_routing_fu_400.grp_RoutingAvailability_CheckPredecessor_and_Placement_fu_507.grp_Dependency_Update_BypassMode_SrcTgt_fu_667.grp_Dependency_Update_BypassMode_SrcTgt_Pipeline_VITIS_LOOP_83_5_fu_201,VITIS_LOOP_83_5,seq_loop_status30.csv
grp_dynamic_placement_routing_fu_400.grp_RoutingAvailability_CheckPredecessor_and_Placement_fu_507.grp_Dependency_Update_BypassMode_SrcTgt_fu_667.grp_Dependency_Update_BypassMode_SrcTgt_Pipeline_VITIS_LOOP_94_6_fu_210,VITIS_LOOP_94_6,seq_loop_status31.csv
grp_dynamic_placement_routing_fu_400.grp_RoutingAvailability_CheckPredecessor_and_Placement_fu_507.grp_Dependency_Update_BypassMode_SrcTgt_fu_667.grp_Dependency_Update_BypassMode_SrcTgt_Pipeline_VITIS_LOOP_102_7_fu_219,VITIS_LOOP_102_7,seq_loop_status32.csv
grp_dynamic_placement_routing_fu_400.grp_RoutingAvailability_CheckPredecessor_and_Placement_fu_507.grp_Dependency_Update_BypassMode_SrcTgt_fu_667.grp_Dependency_Update_BypassMode_SrcTgt_Pipeline_VITIS_LOOP_108_8_fu_227,VITIS_LOOP_108_8,seq_loop_status33.csv
grp_dynamic_placement_routing_fu_400.grp_RoutingAvailability_CheckPredecessor_and_Placement_fu_507.grp_Dependency_Update_BypassMode_SrcTgt_fu_667.grp_Dependency_Update_BypassMode_SrcTgt_Pipeline_VITIS_LOOP_116_9_fu_235,VITIS_LOOP_116_9,seq_loop_status34.csv
grp_dynamic_placement_routing_fu_400.grp_RoutingAvailability_CheckPredecessor_and_Placement_fu_507.grp_RoutingAvailability_CheckPredecessor_and_Placement_Pipeline_VITIS_LOOP_127_1_fu_691,VITIS_LOOP_127_1,seq_loop_status35.csv
grp_dynamic_placement_routing_fu_400.grp_RoutingAvailability_CheckPredecessor_and_Placement_fu_507.grp_RoutingAvailability_CheckPredecessor_and_Placement_Pipeline_VITIS_LOOP_354_4_fu_700,VITIS_LOOP_354_4,pp_loop_status1.csv
grp_dynamic_placement_routing_fu_400.grp_dynamic_placement_routing_Pipeline_VITIS_LOOP_415_5_fu_597,VITIS_LOOP_415_5,upc_loop_status12.csv
