,AESL_inst_runOne,,module_status1.csv
,grp_Reset_fu_334,,module_status2.csv
grp_Reset_fu_334,grp_Reset_Pipeline_VITIS_LOOP_685_5_VITIS_LOOP_686_6_VITIS_LOOP_687_7_fu_191,,module_status3.csv
grp_Reset_fu_334,grp_Reset_Pipeline_VITIS_LOOP_692_8_VITIS_LOOP_693_9_fu_197,,module_status4.csv
grp_Reset_fu_334,grp_Reset_Pipeline_VITIS_LOOP_697_10_VITIS_LOOP_698_11_VITIS_LOOP_699_12_fu_203,,module_status5.csv
grp_Reset_fu_334,grp_Reset_Pipeline_VITIS_LOOP_704_13_fu_209,,module_status6.csv
grp_Reset_fu_334,grp_Reset_Pipeline_VITIS_LOOP_707_14_fu_215,,module_status7.csv
grp_Reset_fu_334,grp_Reset_Pipeline_VITIS_LOOP_710_15_fu_221,,module_status8.csv
grp_Reset_fu_334,grp_Reset_Pipeline_VITIS_LOOP_713_16_fu_227,,module_status9.csv
grp_Reset_fu_334,grp_Reset_Pipeline_VITIS_LOOP_716_17_fu_233,,module_status10.csv
grp_Reset_fu_334,grp_Reset_Pipeline_VITIS_LOOP_724_19_VITIS_LOOP_726_20_fu_239,,module_status11.csv
grp_Reset_fu_334,grp_Reset_Pipeline_VITIS_LOOP_736_21_VITIS_LOOP_738_22_fu_249,,module_status12.csv
grp_Reset_fu_334,grp_Reset_Pipeline_VITIS_LOOP_719_18_fu_259,,module_status13.csv
,grp_dynamic_placement_routing_fu_400,,module_status14.csv
grp_dynamic_placement_routing_fu_400,grp_dynamic_placement_routing_Pipeline_VITIS_LOOP_601_2_fu_403,,module_status15.csv
grp_dynamic_placement_routing_fu_400,grp_dynamic_placement_routing_Pipeline_VITIS_LOOP_611_4_fu_411,,module_status16.csv
grp_dynamic_placement_routing_fu_400,grp_dynamic_placement_routing_Pipeline_VITIS_LOOP_618_5_fu_422,,module_status17.csv
grp_dynamic_placement_routing_fu_400,grp_dynamic_placement_routing_Pipeline_VITIS_LOOP_624_6_fu_430,,module_status18.csv
grp_dynamic_placement_routing_fu_400,grp_CurOptPotentialPlacement_List_BypassLess_Gen_fu_439,,module_status19.csv
grp_dynamic_placement_routing_fu_400.grp_CurOptPotentialPlacement_List_BypassLess_Gen_fu_439,grp_CurOptPotentialPlacement_List_BypassLess_Gen_Pipeline_VITIS_LOOP_470_5_fu_522,,module_status20.csv
grp_dynamic_placement_routing_fu_400.grp_CurOptPotentialPlacement_List_BypassLess_Gen_fu_439,grp_CurOptPotentialPlacement_List_BypassLess_Gen_Pipeline_VITIS_LOOP_453_4_fu_530,,module_status21.csv
grp_dynamic_placement_routing_fu_400.grp_CurOptPotentialPlacement_List_BypassLess_Gen_fu_439,grp_CurOptPotentialPlacement_List_BypassLess_Gen_Pipeline_VITIS_LOOP_497_8_VITIS_LOOP_498_9_fu_540,,module_status22.csv
grp_dynamic_placement_routing_fu_400.grp_CurOptPotentialPlacement_List_BypassLess_Gen_fu_439,grp_CurOptPotentialPlacement_List_BypassLess_Gen_Pipeline_VITIS_LOOP_508_10_fu_551,,module_status23.csv
grp_dynamic_placement_routing_fu_400.grp_CurOptPotentialPlacement_List_BypassLess_Gen_fu_439,grp_CurOptPotentialPlacement_List_BypassLess_Gen_Pipeline_VITIS_LOOP_562_14_fu_559,,module_status24.csv
grp_dynamic_placement_routing_fu_400.grp_CurOptPotentialPlacement_List_BypassLess_Gen_fu_439,grp_CurOptPotentialPlacement_List_BypassLess_Gen_Pipeline_VITIS_LOOP_577_16_fu_575,,module_status25.csv
grp_dynamic_placement_routing_fu_400.grp_CurOptPotentialPlacement_List_BypassLess_Gen_fu_439,grp_CurOptPotentialPlacement_List_BypassLess_Gen_Pipeline_VITIS_LOOP_518_12_fu_584,,module_status26.csv
grp_dynamic_placement_routing_fu_400.grp_CurOptPotentialPlacement_List_BypassLess_Gen_fu_439,grp_CurOptPotentialPlacement_List_BypassLess_Gen_Pipeline_VITIS_LOOP_480_7_fu_592,,module_status27.csv
grp_dynamic_placement_routing_fu_400,grp_dynamic_placement_routing_Pipeline_VITIS_LOOP_377_1_fu_473,,module_status28.csv
grp_dynamic_placement_routing_fu_400,grp_dynamic_placement_routing_Pipeline_VITIS_LOOP_388_2_fu_482,,module_status29.csv
grp_dynamic_placement_routing_fu_400,grp_dynamic_placement_routing_Pipeline_VITIS_LOOP_398_3_fu_493,,module_status30.csv
grp_dynamic_placement_routing_fu_400,grp_RoutingAvailability_CheckPredecessor_and_Placement_fu_507,,module_status31.csv
grp_dynamic_placement_routing_fu_400.grp_RoutingAvailability_CheckPredecessor_and_Placement_fu_507,grp_RoutingAvailability_CheckPredecessor_and_Placement_Pipeline_VITIS_LOOP_14_1_fu_587,,module_status32.csv
grp_dynamic_placement_routing_fu_400.grp_RoutingAvailability_CheckPredecessor_and_Placement_fu_507,grp_RoutingAvailability_CheckPredecessor_and_Placement_Pipeline_VITIS_LOOP_32_1_fu_596,,module_status33.csv
grp_dynamic_placement_routing_fu_400.grp_RoutingAvailability_CheckPredecessor_and_Placement_fu_507,grp_RoutingAvailability_CheckPredecessor_and_Placement_Pipeline_VITIS_LOOP_39_2_fu_606,,module_status34.csv
grp_dynamic_placement_routing_fu_400.grp_RoutingAvailability_CheckPredecessor_and_Placement_fu_507,grp_BypassOptPlacement_Gen_Record_fu_615,,module_status35.csv
grp_dynamic_placement_routing_fu_400.grp_RoutingAvailability_CheckPredecessor_and_Placement_fu_507.grp_BypassOptPlacement_Gen_Record_fu_615,grp_BypassOptPlacement_Gen_Record_Pipeline_VITIS_LOOP_188_1_fu_365,,module_status36.csv
grp_dynamic_placement_routing_fu_400.grp_RoutingAvailability_CheckPredecessor_and_Placement_fu_507.grp_BypassOptPlacement_Gen_Record_fu_615,grp_BypassOptPlacement_Gen_Record_Pipeline_VITIS_LOOP_199_2_VITIS_LOOP_233_3_fu_373,,module_status37.csv
grp_dynamic_placement_routing_fu_400.grp_RoutingAvailability_CheckPredecessor_and_Placement_fu_507.grp_BypassOptPlacement_Gen_Record_fu_615,grp_BypassOptPlacement_Gen_Record_Pipeline_VITIS_LOOP_249_4_fu_402,,module_status38.csv
grp_dynamic_placement_routing_fu_400.grp_RoutingAvailability_CheckPredecessor_and_Placement_fu_507.grp_BypassOptPlacement_Gen_Record_fu_615,grp_BypassOptPlacement_Gen_Record_Pipeline_VITIS_LOOP_255_5_fu_420,,module_status39.csv
grp_dynamic_placement_routing_fu_400.grp_RoutingAvailability_CheckPredecessor_and_Placement_fu_507,grp_Dependency_Update_BypassMode_SrcTgt_fu_667,,module_status40.csv
grp_dynamic_placement_routing_fu_400.grp_RoutingAvailability_CheckPredecessor_and_Placement_fu_507.grp_Dependency_Update_BypassMode_SrcTgt_fu_667,grp_Dependency_Update_BypassMode_SrcTgt_Pipeline_VITIS_LOOP_53_1_fu_168,,module_status41.csv
grp_dynamic_placement_routing_fu_400.grp_RoutingAvailability_CheckPredecessor_and_Placement_fu_507.grp_Dependency_Update_BypassMode_SrcTgt_fu_667,grp_Dependency_Update_BypassMode_SrcTgt_Pipeline_VITIS_LOOP_61_2_fu_176,,module_status42.csv
grp_dynamic_placement_routing_fu_400.grp_RoutingAvailability_CheckPredecessor_and_Placement_fu_507.grp_Dependency_Update_BypassMode_SrcTgt_fu_667,grp_Dependency_Update_BypassMode_SrcTgt_Pipeline_VITIS_LOOP_69_3_fu_185,,module_status43.csv
grp_dynamic_placement_routing_fu_400.grp_RoutingAvailability_CheckPredecessor_and_Placement_fu_507.grp_Dependency_Update_BypassMode_SrcTgt_fu_667,grp_Dependency_Update_BypassMode_SrcTgt_Pipeline_VITIS_LOOP_75_4_fu_193,,module_status44.csv
grp_dynamic_placement_routing_fu_400.grp_RoutingAvailability_CheckPredecessor_and_Placement_fu_507.grp_Dependency_Update_BypassMode_SrcTgt_fu_667,grp_Dependency_Update_BypassMode_SrcTgt_Pipeline_VITIS_LOOP_83_5_fu_201,,module_status45.csv
grp_dynamic_placement_routing_fu_400.grp_RoutingAvailability_CheckPredecessor_and_Placement_fu_507.grp_Dependency_Update_BypassMode_SrcTgt_fu_667,grp_Dependency_Update_BypassMode_SrcTgt_Pipeline_VITIS_LOOP_94_6_fu_210,,module_status46.csv
grp_dynamic_placement_routing_fu_400.grp_RoutingAvailability_CheckPredecessor_and_Placement_fu_507.grp_Dependency_Update_BypassMode_SrcTgt_fu_667,grp_Dependency_Update_BypassMode_SrcTgt_Pipeline_VITIS_LOOP_102_7_fu_219,,module_status47.csv
grp_dynamic_placement_routing_fu_400.grp_RoutingAvailability_CheckPredecessor_and_Placement_fu_507.grp_Dependency_Update_BypassMode_SrcTgt_fu_667,grp_Dependency_Update_BypassMode_SrcTgt_Pipeline_VITIS_LOOP_108_8_fu_227,,module_status48.csv
grp_dynamic_placement_routing_fu_400.grp_RoutingAvailability_CheckPredecessor_and_Placement_fu_507.grp_Dependency_Update_BypassMode_SrcTgt_fu_667,grp_Dependency_Update_BypassMode_SrcTgt_Pipeline_VITIS_LOOP_116_9_fu_235,,module_status49.csv
grp_dynamic_placement_routing_fu_400.grp_RoutingAvailability_CheckPredecessor_and_Placement_fu_507,grp_RoutingAvailability_CheckPredecessor_and_Placement_Pipeline_VITIS_LOOP_127_1_fu_691,,module_status50.csv
grp_dynamic_placement_routing_fu_400.grp_RoutingAvailability_CheckPredecessor_and_Placement_fu_507,grp_RoutingAvailability_CheckPredecessor_and_Placement_Pipeline_VITIS_LOOP_354_4_fu_700,,module_status51.csv
grp_dynamic_placement_routing_fu_400,grp_dynamic_placement_routing_Pipeline_VITIS_LOOP_415_5_fu_597,,module_status52.csv
